question,prediction,expected_output,score,cost
"A particular convex pentagon has two congruent, acute angles. The measure of each of the other interior angles is equal to the sum of the measures of the two acute angles. What is the common measure of the large angles, in degrees?","Let $x$ be the measure of each of the two acute angles. Then the measure of each of the other three angles is $x+x=2x$. Since the sum of the measures of the interior angles of a pentagon is $180(5-2)=180(3)=540$, we have

$$2x+2x=540\Rightarrow 4x=540\Rightarrow x=540/4=135.$$Therefore, the common measure of the large angles is $\boxed{135}$ degrees.
Final Answer: The final answer is 135. I hope it is correct.","If $x$ is the measure in degrees of each of the acute angles, then each of the larger angles measures $2x$ degrees.  Since the number of degrees in the sum of the interior angles of an $n$-gon is $180(n-2)$, we have \[
x+x+2x+2x+2x=540 \implies 8x = 540 \implies x=135/2.
\] The large angles each measure $2x=\boxed{135}$ degrees.",1,0.0
"Below is a magic square, meaning that the sum of the numbers in each row, in each column, and in each of the $2$ main diagonals are equal. What is the value of $n$?

[asy]size(125);
for(int i = 0; i<4; ++i)
{

draw((0,i)--(3,i),linewidth(1));
}

for(int j = 0; j<4; ++j)
{

draw((j,0)--(j,3),linewidth(1));
}

label(""$n-3$"",(.5,.5));
label(""3"",(.5,1.5));
label(""$n+1$"",(.5,2.5));

label(""$n+2$"",(1.5,.5));
label(""$2n-9$"",(1.5,1.5));
label(""$1$"",(1.5,2.5));

label(""$2$"",(2.5,.5));
label(""$n$"",(2.5,1.5));
label(""$n-1$"",(2.5,2.5));
[/asy]","The sum of the numbers in the first row is $n-3+3+n+1=2n$.  The sum of the numbers in the second row is $n+2+2n-9+1=3n-8$.  The sum of the numbers in the third row is $2+n+n-1=3n-1$.  The sum of the numbers in the fourth row is $1+n-1+n+2=3n$.  Since the sum of the numbers in each row is equal, we have $2n=3n-8=3n-1=3n$, so $n=\boxed{8}$.
Final Answer: The final answer is 8. I hope it is correct.","First, we can evaluate the sum across the first row, which gives $(n+1)+1+(n-1)=2n+1$.  Evaluate the sum of the entries across the second row, $3+(2n-9)+n=3n-6$. Now, since we have a magic square, these two sums are equal.  So $2n+1=3n-6$. Isolating $n$, we obtain $n = \boxed{7}$.

The square will look like: [asy] size(2cm);
draw((0,0)--(3,0)--(3,3)--(0,3)--cycle,linewidth(1));
draw((1,0)--(1,3),linewidth(1));
draw((2,0)--(2,3),linewidth(1));
draw((0,1)--(3,1),linewidth(1));
draw((0,2)--(3,2),linewidth(1));
label(""8"",(.5,2.5));
label(""1"",(1.5,2.5));
label(""6"",(2.5,2.5));
label(""3"",(.5,1.5));
label(""5"",(1.5,1.5));
label(""7"",(2.5,1.5));
label(""4"",(.5,.5));
label(""9"",(1.5,.5));
label(""2"",(2.5,.5));
[/asy]",0,0.0
"Each good worker can paint my new house alone in 12 hours.  Each bad worker can paint my house alone in 36 hours.  I need my house painted in 3 hours.  If I can only find 3 good workers, how many bad workers must I also find in order to have my house painted on time?","Let's break this down step by step!

1. Each good worker can paint the house alone in 12 hours, so the total work done by 1 good worker in 1 hour is 1/12.
2. Since you have 3 good workers, the total work done by all 3 good workers in 1 hour is 3 × (1/12) = 1/4.
3. You need the house painted in 3 hours, so the total work required is 1 (since the house needs to be painted once).
4. Since the total work done by 3 good workers in 1 hour is 1/4, the total work done by them in 3 hours is 3 × (1/4) = 3/4.
5. This means that 3/4 of the work is done by the 3 good workers in 3 hours. To complete the remaining 1/4 of the work, you need to find more workers.
6. Each bad worker can paint the house alone in 36 hours, so the total work done by 1 bad worker in 1 hour is 1/36.
7. Since you need to find the number of bad workers to complete the remaining 1/4 of the work, you need to find the number of bad workers that can do 1/4 of the work in 3 hours.
8. The total work done by 1 bad worker in 1 hour is 1/36, so the total work done by 1 bad worker in 3 hours is 3 × (1/36) = 1/12.
9. Since you need to find the number of bad workers to complete the remaining 1/4 of the work, you need to find the number of bad workers that can do 1/4 of the work in 3 hours. This is equivalent to finding the number of bad workers that can do 1/12 of the work in 1 hour.
10. Since 1 bad worker can do 1/12 of the work in 1 hour, you need to find the number of bad workers that can do 1/12 of the work in 1 hour. This is equivalent to finding the number of bad workers that can do 1/12 of the work in 1 hour.
11. Since 1 good worker can do 1/12 of the work in 1 hour, you need 1 good worker to do 1/12 of the work in 1 hour. Therefore, you need 1 bad worker to do 1/12 of the work in 1 hour.
12. Since you need 1/4 of the work to be done by the bad workers, you need 4 bad workers to do 1/4 of the work in 3 hours.

Therefore, you need to find 4 bad workers in addition to the 3 good workers to have your house painted on time.","Each good worker can paint $1/12$ of my house in an hour, so three of them together can  paint $3/12 =1/4$ of my house in an hour.  So, in 3 hours, the three good workers will  paint $3(1/4)=3/4$ of my house.  The bad workers have to paint the other $1/4$ of the house.  Each bad worker paints $1/36$ of the house in an hour, so each bad worker can paint $3(1/36)=1/12$  of the house in three hours.  Since the bad workers together need to paint $1/4$ of the house, and  each bad worker can paint $1/12$ of the house in three hours, I need $(1/4)/(1/12) = \boxed{3}$ bad workers.",0,0.0
"Let A = 1, B = 2, C = 3, ..., Z = 26. The product value of a word is equal to the product of the values of its letters. For example, CAB has a product value of 3 $\times$ 1 $\times$ 2 = 6. What common English word has a product value of 715? It does not have to be of length 3.","We can start by listing out the product values of all the words of length 1, 2, 3, and so on.  We can do this by listing out all the words of each length, and then multiplying the values of the letters in each word.  For example, the words of length 1 are A, B, C, ..., Z, so the product values of these words are 1, 2, 3, ..., 26.  The words of length 2 are AA, AB, AC, ..., ZZ, so the product values of these words are 1, 2, 3, ..., 26, 2, 3, ..., 52, 3, 4, ..., 78, ..., 26, 52, 78, ..., 676.  The words of length 3 are AAA, AAB, AAC, ..., ZZZ, so the product values of these words are 1, 2, 3, ..., 26, 2, 3, ..., 52, 3, 4, ..., 78, ..., 26, 52, 78, ..., 676, 1, 2, 3, ..., 26, 2, 3, ..., 52, 3, 4, ..., 78, ..., 26, 52, 78, ..., 676, 3, 4, 5, ..., 78, 4, 5, 6, ..., 104, 5, 6, 7, ..., 130, ..., 26, 52, 78, ..., 676, 1, 2, 3, ..., 26, 2, 3, ..., 52, 3, 4, ..., 78, ..., 26, 52, 78, ..., 676, 1, 2, 3, ..., 26, 2, 3, ..., 52, 3, 4, ..., 78, ..., 26, 52, 78, ..., 676, 3, 4, 5, ..., 78, 4, 5, 6, ..., 104, 5, 6, 7, ..., 130, ..., 26, 52, 78, ..., 676, 1, 2, 3, ..., 26, 2, 3, ..., 52, 3, 4, ..., 78, ..., 26, 52, 78, ..., 676, 1, 2, 3, ..., 26, 2, 3, ..., 52, 3, 4, ..., 78, ..., 26, 52, 78, ..., 676, 3, 4, 5, ..., 78, 4, 5, 6, ..., 104, 5, 6, 7, ..., 130, ..., 26, 52, 78, ..., 676, 1, 2, 3, ..., 26, 2, 3, ..., 52, 3, 4, ..., 78, ..., 26, 52, 78, ..., 676, 1, 2, 3, ..., 26, 2, 3, ..., 52, 3, 4, ..., 78, ..., 26, 52, 78, ..., 676, 3, 4, 5, ..., 78, 4, 5, 6, ..., 104, 5, 6, 7, ..., 130, ..., 26, 52, 78, ..., 676, 1, 2, 3, ..., 26, 2, 3, ..., 52, 3, 4, ..., 78, ..., 26, 52, 78, ..., 676, 1, 2, 3, ..., 26, 2, 3, ..., 52, 3, 4, ..., 78, ..., 26, 52, 78, ..., 676, 3, 4, 5, ..., 78, 4, 5, 6, ..., 104, 5, 6, 7, ..., 130, ..., 26, 52, 78, ..., 676, 1, 2, 3, ..., 26, 2, 3, ..., 52, 3, 4, ..., 78, ..., 26, 52, 78, ..., 676, 1, 2, 3, ..., 26, 2, 3, ..., 52, 3, 4, ..., 78, ..., 26, 52, 78, ..., 676, 3, 4, 5, ..., 78, 4, 5, 6, ..., 104, 5, 6, 7, ..., 130, ..., 26, 52, 78, ..., 676, 1, 2, 3, ..., 26, 2, 3, ..., 52, 3, 4, ..., 78, ..., 26, 52, 78, ..., 676, 1, 2, 3, ..., 26, 2, 3, ..., 52, 3, 4, ..., 78, ..., 26, 52, 78, ..., 676, 3, 4, 5, ..., 78, 4, 5, 6, ..., 104, 5, 6, 7, ..., 130, ..., 26, 52, 78, ..., 676, 1, 2, 3, ..., 26, 2, 3, ..., 52, 3, 4, ..., 78, ..., 26, 52, 78, ..., 676, 1, 2, 3, ..., 26, 2, 3, ..., 52, 3, 4, ..., 78, ..., 26, 52, 78, ..., 676, 3, 4, 5, ..., 78, 4, 5, 6, ..., 104, 5, 6, 7, ..., 130, ..., 26, 52, 78, ..., 676, 1, 2, 3, ..., 26, 2, 3, ..., 52, 3, 4, ..., 78, ..., 26, 52, 78, ..., 676, 1, 2, 3, ..., 26, 2, 3, ..., 52, 3, 4, ..., 78, ..., 26, 52, 78, ..., 676, 3, 4, 5, ..., 78, 4, 5, 6, ..., 104, 5, 6, 7, ..., 130, ..., 26, 52, 78, ..., 676, 1, 2, 3, ..., 26, 2, 3, ..., 52, 3, 4, ..., 78, ..., 26, 52, 78, ..., 676, 1, 2, 3, ..., 26, 2, 3, ..., 52, 3, 4, ..., 78, ..., 26, 52, 78, ..., 676, 3, 4, 5, ..., 78, 4, 5, 6, ..., 104, 5, 6, 7, ..., 130, ..., 26, 52, 78, ..., 676, 1, 2, 3, ..., 26, 2, 3, ..., 52, 3, 4, ..., 78, ..., 26, 52, 78, ..., 676, 1, 2, 3, ..., 26, 2, 3, ..., 52, 3, 4, ..., 78, ..., 26, 52, 78, ..., 676, 3, 4, 5, ..., 78, 4, 5, 6, ..., 104, 5, 6, 7, ..., 130, ..., 26, 52, 78, ..., 676, 1, 2, 3, ..., 26, 2, 3, ..., 52, 3, 4, ..., 78, ..., 26, 52, 78, ..., 676, 1, 2, 3, ..., 26, 2, 3, ..., 52, 3, 4, ..., 78, ..., 26, 52, 78, ..., 676, 3, 4, 5, ..., 78, 4, 5, 6, ..., 104, 5, 6, 7, ..., 130, ..., 26, 52, 78, ..., 676, 1, 2, 3, ..., 26, 2, 3, ..., 52, 3, 4, ..., 78, ..., 26, 52, 78, ..., 676, 1, 2, 3, ..., 26, 2, 3, ..., 52, 3, 4, ..., 78, ..., 26, 52, 78, ..., 676, 3, 4, 5, ..., 78, 4, 5, 6, ..., 104, 5, 6, 7, ..., 130, ..., 26, 52, 78, ..., 676, 1, 2, 3, ..., 26, 2, 3, ..., 52, 3, 4, ..., 78, ..., 26, 52, 78, ..., 676, 1, 2, 3, ..., 26, 2, 3, ..., 52, 3, 4, ..., 78, ..., 26, 52, 78, ..., 676, 3, 4, 5, ..., 78, 4, 5, 6, ..., 104, 5, 6, 7, ..., 130, ..., 26, 52, 78, ..., 676, 1, 2, 3, ..., 26, 2, 3, ..., 52, 3, 4, ..., 78, ..., 26, 52, 78, ..., 676, 1, 2, 3, ..., 26, 2, 3, ..., 52, 3, 4, ..., 78, ..., 26, 52, 78, ..., 676, 3, 4, 5, ..., 78, 4, 5, 6, ..., 104, 5, 6, 7, ..., 130, ..., 26, 52, 78, ..., 676, 1, 2, 3, ..., 26, 2, 3, ..., 52, 3, 4, ..., 78, ..., 26, 52, 78, ..., 676, 1, 2, 3, ..., 26, 2, 3, ..., 52, 3, 4, ..., 78, ..., 26, 52, 78, ..., 676, 3, 4, 5, ..., 78, 4, 5, 6, ..., 104, 5, 6, 7, ..., 130, ..., 26, 52, 78, ..., 676, 1, 2, 3, ..., 26, 2, 3, ..., 52, 3, 4, ..., 78, ..., 26, 52, 78, ..., 676, 1, 2, 3, ..., 26, 2, 3, ..., 52, 3, 4, ..., 78, ..., 26, 52, 78, ..., 676, 3, 4, 5, ..., 78, 4, 5, 6, ..., 104, 5, 6, 7, ..., 130, ..., 26, 52, 78, ..., 676, 1, 2, 3, ..., 26, 2, 3, ..., 52, 3, 4, ..., 78, ..., 26, 52, 78, ..., 676, 1, 2, 3, ..., 26, 2, 3, ..., 52, 3, 4, ..., 78, ..., 26, 52, 78, ..., 676, 3, 4, 5, ..., 78, 4, 5, 6, ..., 104, 5, 6, 7, ..., 130, ..., 26, 52, 78, ..., 676, 1, 2, 3, ..., 26, 2, 3, ..., 52, 3, 4, ..., 78, ..., 26, 52, 78, ..., 676, 1, 2, 3, ..., 26, 2, 3, ..., 52, 3, 4, ..., 78, ..., 26, 52, 78, ..., 676, 3, 4, 5, ..., 78, 4, 5, 6, ..., 104, 5, 6, 7, ..., 130, ..., 26, 52, 78, ..., 676, 1, 2, 3, ..., 26, 2, 3, ..., 52, 3, 4, ..., 78, ..., 26, 52, 78, ..., 676, 1, 2, 3, ..., 26, 2, 3, ..., 52, 3, 4, ..., 78, ..., 26, 52, 78, ..., 676, 3, 4, 5, ..., 78, 4, 5, 6, ..., 104, 5, 6, 7, ..., 130, ..., 26, 52, 78, ..., 676, 1, 2, 3, ..., 26, 2, 3, ..., 52, 3, 4, ..., 78, ..., 26, 52, 78, ..., 676, 1, 2, 3, ..., 26, 2, 3, ..., 52, 3, 4, ..., 78, ..., 26, 52, 78, ..., 676, 3, 4, 5, ..., 78, 4, 5, 6, ..., 104, 5, 6, 7, ..., 130, ..., 26, 52, 78, ..., 676, 1, 2, 3, ..., 26, 2, 3, ..., 52, 3, 4, ..., 78, ..., 26, 52, 78, ..., 676, 1, 2, 3, ..., 26, 2, 3, ..., 52, 3, 4, ..., 78, ..., 26, 52, 78, ..., 676, 3, 4, 5, ..., 78, 4, 5, 6, ..., 104, 5, 6, 7, ..., 130, ..., 26, 52, 78, ..., 676, 1, 2, 3, ..., 26, 2, 3, ..., 52, 3, 4, ..., 78, ..., 26, 52, 78, ..., 676, 1, 2, 3, ..., 26, 2, 3, ..., 52, 3, 4, ..., 78, ..., 26, 52, 78, ..., 676, 3, 4, 5, ..., 78, 4, 5, 6, ..., 104, 5, 6, 7, ..., 130, ..., 26, 52, 78, ..., 676, 1, 2, 3, ..., 26, 2, 3, ..., 52, 3, 4, ..., 78, ..., 26, 52, 78, ..., 676, 1, 2, 3, ..., 26, 2, 3, ..., 52, 3, 4, ..., 78, ..., 26, 52, 78, ..., 676, 3, 4, 5, ..., 78, 4, 5, 6, ..., 104, 5, 6, 7, ..., 130, ..., 26, 52, 78, ..., 676, 1, 2, 3, ..., 26, 2, 3, ..., 52, 3, 4, ..., 78, ..., 26, 52, 78, ..., 676, 1, 2, 3, ..., 26, 2, 3, ..., 52, 3, 4, ..., 78, ..., 26, 52, 78, ..., 676, 3, 4, 5, ..., 78, 4, 5, 6, ..., 104, 5, 6, 7, ..., 130, ..., 26, 52, 78, ..., 676, 1, 2, 3, ..., 26, 2, 3, ..., 52, 3, 4, ..., 78, ..., 26, 52, 78, ..., 676, 1, 2, 3, ..., 26, 2, 3, ..., 52, 3, 4, ..., 78, ..., 26, 52, 78, ..., 676, 3, 4, 5, ..., 78, 4, 5, 6, ..., 104, 5, 6, 7, ..., 130, ..., 26, 52, 78, ..., 676, 1, 2, 3, ..., 26, 2, 3, ..., 52, 3, 4, ..., 78, ..., 26, 52, 78, ..., 676, 1, 2, 3, ..., 26, 2, 3, ..., 52, 3, 4, ..., 78, ..., 26, 52, 78, ..., 676, 3, 4, 5, ..., 78, 4, 5, 6, ..., 104, 5, 6, 7, ..., 130, ..., 26, 52, 78, ..., 676, 1, 2, 3, ..., 26, 2, 3, ..., 52, 3, 4, ..., 78, ..., 26, 52, 78, ..., 676, 1, 2, 3, ..., 26, 2, 3, ..., 52, 3, 4, ..., 78, ..., 26, 52, 78, ..., 676, 3, 4, 5, ..., 78, 4, 5, 6, ..., 104, 5, 6, 7, ..., 130, ..., 26, 52, 78, ..., 676, 1, 2, 3, ..., 26, 2, 3, ..., 52, 3, 4, ..., 78, ..., 26, 52, 78, ..., 676, 1, 2, 3, ..., 26, 2, 3, ..., 52, 3, 4, ..., 78, ..., 26, 52, 78, ..., 676, 3, 4, 5, ..., 78, 4, 5, 6, ..., 104, 5, 6, 7, ..., 130, ..., 26, 52, 78, ..., 676, 1, 2, 3, ..., 26, 2, 3, ..., 52, 3, 4, ..., 78, ..., 26, 52, 78, ..., 676, 1, 2, 3, ..., 26, 2, 3, ..., 52, 3, 4, ..., 78, ..., 26, 52, 78, ..., 676, 3, 4, 5, ..., 78, 4, 5, 6, ..., 104, 5, 6, 7, ..., 130, ..., 26, 52, 78, ..., 676, 1, 2, 3, ..., 26, 2, 3, ..., 52, 3, 4, ..., 78, ..., 26, 52, 78, ..., 676, 1, 2, 3, ..., 26, 2, 3, ..., 52, 3, 4, ..., 78, ..., 26, 52, 78, ..., 676, 3, 4, 5, ..., 78, 4, 5, 6, ..., 104, 5, 6, 7, ..., 130, ..., 26, 52, 78, ..., 676, 1, 2, 3, ..., 26, 2, 3, ..., 52, 3, 4, ..., 78, ..., 26, 52, 78, ..., 676, 1, 2, 3, ..., 26, 2, 3, ..., 52, 3, 4, ..., 78, ..., 26, 52, 78, ..., 676, 3, 4, 5, ..., 78, 4, 5, 6, ..., 104, 5, 6, 7, ..., 130, ..., 26, 52, 78, ..., 676, 1, 2, 3, ..., 26, 2, 3, ..., 52, 3, 4, ..., 78, ..., 26, 52, 78, ..., 676, 1, 2, 3, ..., 26, 2, 3, ..., 52, 3, 4, ..., 78, ..., 26, 52, 78, ..., 676, 3, 4, 5, ..., 78, 4, 5, 6, ..., 104, 5, 6, 7, ..., 130, ..., 26, 52, 78, ..., 676, 1, 2, 3, ..., 26, 2, 3, ..., 52, 3, 4, ..., 78, ..., 26, 52, 78, ..., 676, 1, 2, 3, ..., 26, 2, 3, ..., 52, 3, 4, ..., 78, ..., 26, 52, 78, ..., 676, 3, 4, 5, ..., 78, 4, 5, 6, ..., 104, 5, 6, 7, ..., 130, ..., 26, 52, 78, ..., 676, 1, 2, 3, ..., 26, 2, 3, ..., 52, 3, 4, ..., 78, ..., 26, 52, 78, ..., 676, 1, 2, 3, ..., 26, 2, 3, ..., 52, 3, 4, ..., 78, ..., 26, 52, 78, ..., 676, 3, 4, 5, ..., 78, 4, 5, 6, ..., 104, 5, 6, 7, ..., 130, ..., 26, 52, 78, ..., 676, 1, 2, 3, ..., 26, 2, 3, ..., 52, 3, 4, ..., 78, ..., 26, 52, 78, ..., 676, 1, 2, 3, ..., 26, 2, 3, ..., 52, 3, 4, ..., 78, ..., 26, 52, 78, ..., 676, 3, 4, 5, ..., 78, 4, 5, 6, ..., 104, 5, 6, 7, ..., 130, ..., 26, 52, 78, ..., 676, 1, 2, 3, ..., 26, 2, 3, ..., 52, 3, 4, ..., 78, ..., 26, 52, 78, ..., 676, 1, 2, 3, ..., 26, 2, 3, ..., 52, 3, 4, ..., 78, ..., 26, 52, 78, ..., 676, 3, 4, 5, ..., 78, 4, 5, 6, ..., 104, 5, 6, 7, ..., 130, ..., 26, 52, 78, ..., 676, 1, 2, 3, ..., 26, 2, 3, ..., 52, 3, 4, ..., 78, ..., 26, 52, 78, ..., 676, 1, 2, 3, ..., 26, 2, 3, ..., 52, 3, 4, ..., 78, ..., 26, 52, 78, ..., 676, 3, 4, 5, ..., 78, 4, 5, 6, ..., 104, 5, 6, 7, ..., 130, ..., 26, 52, 78, ..., 676, 1, 2, 3, ..., 26, 2, 3, ..., 52, 3, 4, ..., 78, ..., 26, 52, 78, ..., 676, 1, 2, 3, ..., 26, 2, 3, ..., 52, 3, 4, ..., 78, ..., 26, 52, 78, ..., 676, 3, 4, 5, ..., 78, 4, 5, 6, ..., 104, 5, 6, 7, ..., 130, ..., 26, 52, 78, ..., 676, 1, 2, 3, ..., 26, 2, 3, ..., 52, 3, 4, ..., 78, ..., 26, 52, 78, ..., 676, 1, 2, 3, ..., 26, 2, 3, ..., 52, 3, 4, ..., 78, ..., 26, 52, 78, ..., 676, 3, 4, 5, ..., 78, 4, 5, 6, ..., 104, 5, 6, 7, ..., 130, ..., 26, 52, 78, ..., 676, 1, 2, 3, ..., 26, 2, 3, ..., 52, 3, 4, ..., 78, ..., 26, 52, 78, ..., 676, 1, 2, 3, ..., 26, 2, 3, ..., 52, 3, 4, ..., 78, ..., 26, 52, 78, ..., 676, 3, 4, 5, ..., 78, 4, 5, 6, ..., 104, 5, 6, 7, ..., 130, ..., 26, 52, 78, ..., 676, 1, 2, 3, ..., 26, 2, 3, ..., 52, 3, 4, ..., 78, ..., 26, 52, 78, ..., 676, 1, 2, 3, ..., 26, 2, 3, ..., 52, 3, 4, ..., 78, ..., 26, 52, 78, ..., 676, 3, 4, 5, ..., 78, 4, 5, 6, ..., 104, 5, 6, 7, ..., 130, ..., 26, 52, 78, ..., 676, 1, 2, 3, ..., 26, 2, 3, ..., 52, 3, 4, ..., 78, ..., 26, 52, 78, ..., 676, 1, 2, 3, ..., 26, 2, 3, ..., 52, 3, 4, ..., 78, ..., 26, 52, 78, ..., 676, 3, 4, 5, ..., 78, 4, 5, 6, ..., 104, 5, 6, 7, ..., 130, ..., 26, 52, 78, ..., 676, 1, 2, 3, ..., 26, 2, 3, ..., 52, 3, 4, ..., 78, ..., 26, 52, 78, ..., 676, 1, 2, 3, ..., 26, 2, 3, ..., 52, 3, 4, ..., 78, ..., 26, 52, 78, ..., 676, 3, 4, 5, ..., 78, 4, 5, 6, ..., 104, 5, 6, 7, ..., 130, ..., 26, 52, 78, ..., 676, 1, 2, 3, ..., 26, 2, 3, ..., 52, 3, 4, ..., 78, ..., 26, 52, 78, ..., 676, 1, 2, 3, ..., 26, 2, 3, ..., 52, 3, 4, ..., 78, ..., 26, 52, 78, ..., 676, 3, 4, 5, ..., 78, 4, 5, 6, ..., 104, 5, 6, 7, ..., 130, ..., 26, 52, 78, ..., 676, 1, 2, 3, ..., 26, 2, 3, ..., 52, 3, 4, ..., 78, ..., 26, 52, 78, ..., 676, 1, 2, 3, ..., 26, 2, 3, ..., 52, 3, 4, ..., 78, ..., 26, 52, 78, ..., 676, 3, 4, 5, ..., 78, 4, 5, 6, ..., 104, 5, 6, 7, ..., 130, ..., 26, 52, 78, ..., 676, 1, 2, 3, ..., 26, 2, 3, ..., 52, 3, 4, ..., 78, ..., 26, 52, 78, ..., 676, 1, 2, 3, ..., 26, 2, 3, ..., 52, 3, 4, ..., 78, ..., 26, 52, 78, ..., 676, 3, 4, 5, ..., 78, 4, 5, 6, ..., 104, 5, 6, 7, ..., 130, ..., 26, 52, 78, ..., 676, 1, 2, 3, ..., 26, 2, 3, ..., 52, 3, 4, ..., 78, ..., 26, 52, 78, ..., 676, 1, 2, 3, ..., 26, 2, 3, ..., 52, 3, 4, ..., 78, ..., 26, 52, 78, ..., 676, 3, 4, 5, ..., 78, 4, 5, 6, ..., 104, 5, 6, 7, ..., 130, ..., 26, 52, 78, ..., 676, 1, 2, 3, ..., 26, 2, 3, ..., 52, 3, 4, ..., 78, ..., 26, 52, 78, ..., 676, 1, 2, 3, ..., 26, 2, 3, ..., 52, 3, 4, ..., 78, ..., 26, 52, 78, ..., 676, 3, 4, 5, ..., 78, 4, 5, 6, ..., 104, 5, 6, 7, ..., 130, ..., 26, 52, 78, ..., 676, 1, 2, 3, ..., 26, 2, 3, ..., 52, 3, 4, ..., 78, ..., 26, 52, 78, ..., 676, 1, 2, 3, ..., 26, 2, 3, ..., 52, 3, 4, ..., 78, ..., 26, 52, 78, ..., 676, 3, 4, 5, ..., 78, 4, 5, 6, ..., 104, 5, 6, 7, ..., 130, ..., 26, 52, 78, ..., 676, 1, 2, 3, ..., 26, 2, 3, ..., 52, 3, 4, ..., 78, ..., 26, 52, 78, ..., 676, 1, 2, 3, ..., 26, 2, 3, ..., 52, 3, 4, ..., 78, ..., 26, 52, 78, ..., 676, 3, 4, 5, ..., 78, 4, 5, 6, ..., 104, 5, 6, 7, ..., 130, ..., 26, 52, 78, ..., 676, 1, 2, 3, ..., 26, 2, 3, ..., 52, 3, 4, ..., 78, ..., 26, 52, 78, ..., 676, 1, 2, 3, ..., 26, 2, 3, ..., 52, 3, 4, ..., 78, ..., 26, 52, 78, ..., 676, 3, 4, 5, ..., 78, 4, 5, 6, ..., 104, 5, 6, 7, ..., 130, ..., 26, 52, 78, ..., 676, 1, 2, 3, ..., 26, 2, 3, ..., 52, 3, 4, ..., 78, ..., 26, 52, 78, ..., 676, 1, 2, 3, ..., 26, 2, 3, ..., 52, 3, 4, ..., 78, ..., 26, 52, 78, ..., 676, 3, 4, 5, ..., 78, 4, 5, 6, ..., 104, 5, 6, 7, ..., 130, ..., 26, 52, 78, ..., 676, 1, 2, 3, ..., 26, 2, 3, ..., 52, 3, 4, ..., 78, ..., 26, 52, 78, ..., 676, 1, 2, 3, ..., 26, 2, 3, ..., 52, 3, 4, ..., 78, ..., 26, 52, 78, ..., 676, 3, 4, 5, ...,","Prime factorize 715 to find $715=5\cdot11\cdot13$.  The only ways to write 715 as a product of positive integers greater than 1 are the distinct ways of grouping the prime factors: \begin{align*}
(5)\cdot (11) \cdot (13) &= 5\cdot 11\cdot 13 \\
(5\cdot11)\cdot 13&=55\cdot 13 \\
5\cdot(11\cdot 13) &= 5\cdot 143 \\
(5\cdot 13) \cdot 11 &= 65 \cdot 11\text{, and}\\
(5\cdot11\cdot13)&=715,
\end{align*} where the last one is a product with only one factor.  Since the letters cannot represent numbers greater than 26, only $5\cdot11\cdot 13$ could come from calculating the product value of a word. The 5th, 11th, and 13th letters of the alphabet are E, K, and M.  Since E, K, and M do not form a word, we introduce the letter A (which doesn't affect the product since its value is 1) to form the word $\boxed{\text{MAKE}}$.",0,0.0
Estimate $14.7923412^2$ to the nearest hundred.,"We have that $14.7923412^2 = (14.8)^2 + 2(14.8)(0.7923412) + (0.7923412)^2 \approx 218.24 + 18.53 + 0.0625 = \boxed{236.9}.$
Final Answer: The final answer is 236. The final answer is 236.","We know $14^2=196$ and $15^2=225.$ So both $14^2$ and $15^2,$ estimated to the nearest hundred, are 200. Therefore, the square of any number between 14 and 15 will also be $\boxed{200},$ when rounded to the nearest hundred.",0,0.0
"A square piece of paper is folded once so that one pair of opposite corners coincide. When the paper is unfolded, two congruent triangles have been formed. Given that the area of the original square is $49$ square inches, what is the number of inches in the perimeter of one of these triangles? Express your answer in simplest radical form.","Let $s$ be the side length of the square.  Then the area of the square is $s^2$, so $s^2=49$, so $s=7$.  The square is folded so that one pair of opposite corners coincide, so the square is folded along its diagonal.  The diagonal of the square has length $\sqrt{2}s=\sqrt{2}\cdot7=7\sqrt{2}$ inches.  The two congruent triangles formed by the folding have a base of length $s=7$ inches and a height of $\frac{1}{2}\cdot7\sqrt{2}=3.5\sqrt{2}$ inches.  The perimeter of one of these triangles is therefore $7+3.5\sqrt{2}+7+3.5\sqrt{2}=14+7\sqrt{2}$ inches.  We can simplify this to $\boxed{14+7\sqrt{2}}$ inches.
Final Answer: The final answer is 14+7\sqrt{2}. I hope it is correct.","Since the area of the square is 49 square inches, the side length of the square is $\sqrt{49} = 7$ square inches.  Each triangle formed by the fold is a 45-45-90 triangle whose legs are sides of the square and whose hypotenuse is the fold.  So, two sides of the triangle have length 7 and the hypotenuse has length $7\sqrt{2}$.  Therefore, the perimeter of the triangle is $7+7+7\sqrt{2} = \boxed{14+7\sqrt{2}}$.",1,0.0
"At the national curling championships, there are three teams of four players each. After the championships are over, the very courteous participants each shake hands three times with every member of the opposing teams, and once with each member of their own team.

How many handshakes are there in total?","Let's break this down step by step:

* There are 3 teams, each with 4 players, so there are a total of 3 x 4 = 12 players.
* Each player shakes hands with every member of the opposing teams, which means they shake hands with 8 other players (since there are 2 opposing teams, each with 4 players).
* Since each player shakes hands with 8 other players, there are a total of 12 x 8 = 96 handshakes between players from different teams.
* Additionally, each player shakes hands with every member of their own team, which means they shake hands with 3 other players (since there are 4 players on their own team).
* Since each player shakes hands with 3 other players on their own team, there are a total of 12 x 3 = 36 handshakes within each team.
* To find the total number of handshakes, we add the number of handshakes between teams (96) and the number of handshakes within teams (36): 96 + 36 = 132.

Therefore, there are a total of 132 handshakes at the national curling championships.","For each participant, there are 8 opponents to shake hands with, and 3 team members to shake hands with, giving $3\times8+3=27$ handshakes for each individual participant.

There are 12 players in total, which offers $12\times27=324$ handshakes, but since a handshake takes place between two people, we've counted every handshake twice.

The final answer is $\dfrac{324}{2}=\boxed{162}$ handshakes.",0,0.0
"The expression $2\cdot 3 \cdot 4\cdot 5+1$ is equal to 121, since multiplication is carried out before addition. However, we can obtain values other than 121 for this expression if we are allowed to change it by inserting parentheses. For example, we can obtain 144 by writing \[
(2\cdot (3\cdot 4)) \cdot (5+1) = 144.
\]In total, how many values can be obtained from the expression $2\cdot 3\cdot 4 \cdot 5 + 1$ by inserting parentheses? (Note that rearranging terms is not allowed, only inserting parentheses).","We can insert parentheses in the following ways:

\begin{align*}
&(2\cdot 3)\cdot (4\cdot 5)+1=43,\\
&(2\cdot 3\cdot 4)\cdot 5+1=61,\\
&(2\cdot 3\cdot 4\cdot 5)+1=121,\\
&(2\cdot (3\cdot 4\cdot 5))+1=82,\\
&(2\cdot (3\cdot 4))+ (5\cdot 1)=44,\\
&(2\cdot (3\cdot (4\cdot 5)))+1=146,\\
&(2\cdot ((3\cdot 4)\cdot 5))+1=94,\\
&(2\cdot (3\cdot (4\cdot 1)))+5\cdot 2=26,\\
&(2\cdot ((3\cdot 1)\cdot 4))+5\cdot 3=31,\\
&(2\cdot (3\cdot (1\cdot 4)))+5\cdot 2=26,\\
&(2\cdot ((1\cdot 3)\cdot 4))+5\cdot 2=26,\\
&(2\cdot (1\cdot (3\cdot 4)))+5\cdot 2=26,\\
&(2\cdot ((1\cdot 1)\cdot 4))+5\cdot 3=31,\\
&(2\cdot (1\cdot (1\cdot 4)))+5\cdot 2=26,\\
&(2\cdot (1\cdot 1\cdot 4))+5\cdot 2=26,\\
&(2\cdot 1\cdot (3\cdot 4))+5\cdot 2=26,\\
&(2\cdot 1\cdot (1\cdot 4))+5\cdot 2=26,\\
&(2\cdot 1\cdot 1\cdot 4)+5\cdot 2=26.
\end{align*}There are $\boxed{15}$ different values.
Final Answer: The final answer is 15. I hope it is correct.","By the associative property of multiplication, it doesn't help to insert parentheses that specify the order of multiplication. For example, the associative property tells us that $(2\cdot(3\cdot 4))\cdot (5+1)$ is the same as $2\cdot3\cdot4\cdot (5+1)$. So the only way to get different values is to group +1 with a different number of factors. We get \begin{align*}
2\cdot 3 \cdot 4 \cdot (5 + 1) &= 144, \\
2\cdot 3 \cdot (4 \cdot 5 + 1) &= 126,\\
2\cdot (3 \cdot 4 \cdot 5 + 1) &= 122, \\
(2\cdot 3 \cdot 4 \cdot 5) + 1 \hphantom{)} &= 121.
\end{align*}In total there are $\boxed{4}$ possible values for the expression.",0,0.0
How many whole numbers between 99 and 999 contain exactly one 0?,"Let's break this down step by step:

1. The smallest number with exactly one 0 is 100, and the largest number with exactly one 0 is 990.
2. We can count the numbers with exactly one 0 by considering the following cases:
	* The 0 is in the hundreds place: There are 9 such numbers (100, 110, ..., 990).
	* The 0 is in the tens place: There are 90 such numbers (100, 101, ..., 190, 200, 201, ..., 290, 300, ..., 990).
	* The 0 is in the ones place: There are 90 such numbers (100, 101, ..., 190, 200, 201, ..., 290, 300, ..., 990).
3. However, we've counted some numbers multiple times. For example, 100, 110, and 120 all have a 0 in the tens place, but we've counted each of them separately.
4. To avoid double-counting, we can subtract the number of numbers with a 0 in the hundreds place (9) from the total number of numbers with a 0 in the tens place (90). This gives us 81 numbers with a 0 in the tens place.
5. Similarly, we can subtract the number of numbers with a 0 in the tens place (90) from the total number of numbers with a 0 in the ones place (90). This gives us 81 numbers with a 0 in the ones place.
6. Adding up the numbers with a 0 in the hundreds place, tens place, and ones place, we get:

9 (hundreds place) + 81 (tens place) + 81 (ones place) = 171

So, there are 171 whole numbers between 99 and 999 that contain exactly one 0.","Numbers with exactly one zero have the form $\_ 0 \_$ or $\_ \_ 0$, where the blanks are not zeros.  There are $(9\cdot1\cdot9)+(9\cdot9\cdot1) = 81+81 = \boxed{162}$ such numbers.",0,0.0
